qn,link,text
1,https://www.examtopics.com/discussions/cyberark/view/100136-exam-pam-def-topic-1-question-1-discussion/,Exam PAM-DEF topic 1 question 1 discussion - ExamTopics
2,https://www.examtopics.com/discussions/cyberark/view/101270-exam-pam-def-topic-1-question-2-discussion/,Exam PAM-DEF topic 1 question 2 discussion - ExamTopics
3,https://www.examtopics.com/discussions/cyberark/view/100137-exam-pam-def-topic-1-question-3-discussion/,Exam PAM-DEF topic 1 question 3 discussion - ExamTopics
4,https://www.examtopics.com/discussions/cyberark/view/101302-exam-pam-def-topic-1-question-4-discussion/,Exam PAM-DEF topic 1 question 4 discussion - ExamTopics
5,https://www.examtopics.com/discussions/cyberark/view/101349-exam-pam-def-topic-1-question-5-discussion/,Exam PAM-DEF topic 1 question 5 discussion - ExamTopics
6,https://www.examtopics.com/discussions/cyberark/view/101351-exam-pam-def-topic-1-question-6-discussion/,Exam PAM-DEF topic 1 question 6 discussion - ExamTopics
7,https://www.examtopics.com/discussions/cyberark/view/101352-exam-pam-def-topic-1-question-7-discussion/,Exam PAM-DEF topic 1 question 7 discussion - ExamTopics
8,https://www.examtopics.com/discussions/cyberark/view/100490-exam-pam-def-topic-1-question-8-discussion/,Exam PAM-DEF topic 1 question 8 discussion - ExamTopics
9,https://www.examtopics.com/discussions/cyberark/view/101353-exam-pam-def-topic-1-question-9-discussion/,Exam PAM-DEF topic 1 question 9 discussion - ExamTopics
10,https://www.examtopics.com/discussions/cyberark/view/100282-exam-pam-def-topic-1-question-10-discussion/,Exam PAM-DEF topic 1 question 10 discussion - ExamTopics
11,https://www.examtopics.com/discussions/cyberark/view/101240-exam-pam-def-topic-1-question-11-discussion/,Exam PAM-DEF topic 1 question 11 discussion - ExamTopics
12,https://www.examtopics.com/discussions/cyberark/view/101943-exam-pam-def-topic-1-question-12-discussion/,Exam PAM-DEF topic 1 question 12 discussion - ExamTopics
13,https://www.examtopics.com/discussions/cyberark/view/101241-exam-pam-def-topic-1-question-13-discussion/,Exam PAM-DEF topic 1 question 13 discussion - ExamTopics
14,https://www.examtopics.com/discussions/cyberark/view/101354-exam-pam-def-topic-1-question-14-discussion/,Exam PAM-DEF topic 1 question 14 discussion - ExamTopics
15,https://www.examtopics.com/discussions/cyberark/view/107701-exam-pam-def-topic-1-question-15-discussion/,Exam PAM-DEF topic 1 question 15 discussion - ExamTopics
16,https://www.examtopics.com/discussions/cyberark/view/101247-exam-pam-def-topic-1-question-16-discussion/,Exam PAM-DEF topic 1 question 16 discussion - ExamTopics
17,https://www.examtopics.com/discussions/cyberark/view/101248-exam-pam-def-topic-1-question-17-discussion/,Exam PAM-DEF topic 1 question 17 discussion - ExamTopics
18,https://www.examtopics.com/discussions/cyberark/view/100292-exam-pam-def-topic-1-question-18-discussion/,Exam PAM-DEF topic 1 question 18 discussion - ExamTopics
19,https://www.examtopics.com/discussions/cyberark/view/100145-exam-pam-def-topic-1-question-19-discussion/,Exam PAM-DEF topic 1 question 19 discussion - ExamTopics
20,https://www.examtopics.com/discussions/cyberark/view/104234-exam-pam-def-topic-1-question-20-discussion/,Exam PAM-DEF topic 1 question 20 discussion - ExamTopics
21,https://www.examtopics.com/discussions/cyberark/view/100144-exam-pam-def-topic-1-question-21-discussion/,Exam PAM-DEF topic 1 question 21 discussion - ExamTopics
22,https://www.examtopics.com/discussions/cyberark/view/100293-exam-pam-def-topic-1-question-22-discussion/,Exam PAM-DEF topic 1 question 22 discussion - ExamTopics
23,https://www.examtopics.com/discussions/cyberark/view/100295-exam-pam-def-topic-1-question-23-discussion/,Exam PAM-DEF topic 1 question 23 discussion - ExamTopics
24,https://www.examtopics.com/discussions/cyberark/view/100296-exam-pam-def-topic-1-question-24-discussion/,Exam PAM-DEF topic 1 question 24 discussion - ExamTopics
25,https://www.examtopics.com/discussions/cyberark/view/100814-exam-pam-def-topic-1-question-25-discussion/,Exam PAM-DEF topic 1 question 25 discussion - ExamTopics
26,https://www.examtopics.com/discussions/cyberark/view/101264-exam-pam-def-topic-1-question-26-discussion/,Exam PAM-DEF topic 1 question 26 discussion - ExamTopics
27,https://www.examtopics.com/discussions/cyberark/view/100301-exam-pam-def-topic-1-question-27-discussion/,Exam PAM-DEF topic 1 question 27 discussion - ExamTopics
28,https://www.examtopics.com/discussions/cyberark/view/101267-exam-pam-def-topic-1-question-28-discussion/,Exam PAM-DEF topic 1 question 28 discussion - ExamTopics
29,https://www.examtopics.com/discussions/cyberark/view/100304-exam-pam-def-topic-1-question-29-discussion/,Exam PAM-DEF topic 1 question 29 discussion - ExamTopics
30,https://www.examtopics.com/discussions/cyberark/view/101423-exam-pam-def-topic-1-question-30-discussion/,Exam PAM-DEF topic 1 question 30 discussion - ExamTopics
31,https://www.examtopics.com/discussions/cyberark/view/101424-exam-pam-def-topic-1-question-31-discussion/,Exam PAM-DEF topic 1 question 31 discussion - ExamTopics
32,https://www.examtopics.com/discussions/cyberark/view/101425-exam-pam-def-topic-1-question-32-discussion/,Exam PAM-DEF topic 1 question 32 discussion - ExamTopics
33,https://www.examtopics.com/discussions/cyberark/view/101427-exam-pam-def-topic-1-question-33-discussion/,Exam PAM-DEF topic 1 question 33 discussion - ExamTopics
34,https://www.examtopics.com/discussions/cyberark/view/101428-exam-pam-def-topic-1-question-34-discussion/,Exam PAM-DEF topic 1 question 34 discussion - ExamTopics
35,https://www.examtopics.com/discussions/cyberark/view/101429-exam-pam-def-topic-1-question-35-discussion/,Exam PAM-DEF topic 1 question 35 discussion - ExamTopics
36,https://www.examtopics.com/discussions/cyberark/view/101430-exam-pam-def-topic-1-question-36-discussion/,Exam PAM-DEF topic 1 question 36 discussion - ExamTopics
37,https://www.examtopics.com/discussions/cyberark/view/101432-exam-pam-def-topic-1-question-37-discussion/,Exam PAM-DEF topic 1 question 37 discussion - ExamTopics
38,https://www.examtopics.com/discussions/cyberark/view/101433-exam-pam-def-topic-1-question-38-discussion/,Exam PAM-DEF topic 1 question 38 discussion - ExamTopics
39,https://www.examtopics.com/discussions/cyberark/view/101434-exam-pam-def-topic-1-question-39-discussion/,Exam PAM-DEF topic 1 question 39 discussion - ExamTopics
40,https://www.examtopics.com/discussions/cyberark/view/101435-exam-pam-def-topic-1-question-40-discussion/,Exam PAM-DEF topic 1 question 40 discussion - ExamTopics
41,https://www.examtopics.com/discussions/cyberark/view/101437-exam-pam-def-topic-1-question-41-discussion/,Exam PAM-DEF topic 1 question 41 discussion - ExamTopics
42,https://www.examtopics.com/discussions/cyberark/view/101438-exam-pam-def-topic-1-question-42-discussion/,Exam PAM-DEF topic 1 question 42 discussion - ExamTopics
43,https://www.examtopics.com/discussions/cyberark/view/101445-exam-pam-def-topic-1-question-43-discussion/,Exam PAM-DEF topic 1 question 43 discussion - ExamTopics
44,https://www.examtopics.com/discussions/cyberark/view/101446-exam-pam-def-topic-1-question-44-discussion/,Exam PAM-DEF topic 1 question 44 discussion - ExamTopics
45,https://www.examtopics.com/discussions/cyberark/view/101448-exam-pam-def-topic-1-question-45-discussion/,Exam PAM-DEF topic 1 question 45 discussion - ExamTopics
46,https://www.examtopics.com/discussions/cyberark/view/105132-exam-pam-def-topic-1-question-46-discussion/,Exam PAM-DEF topic 1 question 46 discussion - ExamTopics
47,https://www.examtopics.com/discussions/cyberark/view/101449-exam-pam-def-topic-1-question-47-discussion/,Exam PAM-DEF topic 1 question 47 discussion - ExamTopics
48,https://www.examtopics.com/discussions/cyberark/view/101450-exam-pam-def-topic-1-question-48-discussion/,Exam PAM-DEF topic 1 question 48 discussion - ExamTopics
49,https://www.examtopics.com/discussions/cyberark/view/101451-exam-pam-def-topic-1-question-49-discussion/,Exam PAM-DEF topic 1 question 49 discussion - ExamTopics
50,https://www.examtopics.com/discussions/cyberark/view/101452-exam-pam-def-topic-1-question-50-discussion/,Exam PAM-DEF topic 1 question 50 discussion - ExamTopics
51,https://www.examtopics.com/discussions/cyberark/view/101453-exam-pam-def-topic-1-question-51-discussion/,Exam PAM-DEF topic 1 question 51 discussion - ExamTopics
52,https://www.examtopics.com/discussions/cyberark/view/101454-exam-pam-def-topic-1-question-52-discussion/,Exam PAM-DEF topic 1 question 52 discussion - ExamTopics
53,https://www.examtopics.com/discussions/cyberark/view/101455-exam-pam-def-topic-1-question-53-discussion/,Exam PAM-DEF topic 1 question 53 discussion - ExamTopics
54,https://www.examtopics.com/discussions/cyberark/view/101457-exam-pam-def-topic-1-question-54-discussion/,Exam PAM-DEF topic 1 question 54 discussion - ExamTopics
55,https://www.examtopics.com/discussions/cyberark/view/101458-exam-pam-def-topic-1-question-55-discussion/,Exam PAM-DEF topic 1 question 55 discussion - ExamTopics
56,https://www.examtopics.com/discussions/cyberark/view/101459-exam-pam-def-topic-1-question-56-discussion/,Exam PAM-DEF topic 1 question 56 discussion - ExamTopics
57,https://www.examtopics.com/discussions/cyberark/view/101460-exam-pam-def-topic-1-question-57-discussion/,Exam PAM-DEF topic 1 question 57 discussion - ExamTopics
58,https://www.examtopics.com/discussions/cyberark/view/101463-exam-pam-def-topic-1-question-58-discussion/,Exam PAM-DEF topic 1 question 58 discussion - ExamTopics
59,https://www.examtopics.com/discussions/cyberark/view/101464-exam-pam-def-topic-1-question-59-discussion/,Exam PAM-DEF topic 1 question 59 discussion - ExamTopics
60,https://www.examtopics.com/discussions/cyberark/view/105710-exam-pam-def-topic-1-question-60-discussion/,Exam PAM-DEF topic 1 question 60 discussion - ExamTopics
61,https://www.examtopics.com/discussions/cyberark/view/105715-exam-pam-def-topic-1-question-61-discussion/,Exam PAM-DEF topic 1 question 61 discussion - ExamTopics
62,https://www.examtopics.com/discussions/cyberark/view/105716-exam-pam-def-topic-1-question-62-discussion/,Exam PAM-DEF topic 1 question 62 discussion - ExamTopics
63,https://www.examtopics.com/discussions/cyberark/view/105717-exam-pam-def-topic-1-question-63-discussion/,Exam PAM-DEF topic 1 question 63 discussion - ExamTopics
64,https://www.examtopics.com/discussions/cyberark/view/105723-exam-pam-def-topic-1-question-64-discussion/,Exam PAM-DEF topic 1 question 64 discussion - ExamTopics
65,https://www.examtopics.com/discussions/cyberark/view/105726-exam-pam-def-topic-1-question-65-discussion/,Exam PAM-DEF topic 1 question 65 discussion - ExamTopics
66,https://www.examtopics.com/discussions/cyberark/view/105727-exam-pam-def-topic-1-question-66-discussion/,Exam PAM-DEF topic 1 question 66 discussion - ExamTopics
67,https://www.examtopics.com/discussions/cyberark/view/105730-exam-pam-def-topic-1-question-67-discussion/,Exam PAM-DEF topic 1 question 67 discussion - ExamTopics
68,https://www.examtopics.com/discussions/cyberark/view/105732-exam-pam-def-topic-1-question-68-discussion/,Exam PAM-DEF topic 1 question 68 discussion - ExamTopics
69,https://www.examtopics.com/discussions/cyberark/view/105735-exam-pam-def-topic-1-question-69-discussion/,Exam PAM-DEF topic 1 question 69 discussion - ExamTopics
70,https://www.examtopics.com/discussions/cyberark/view/105736-exam-pam-def-topic-1-question-70-discussion/,Exam PAM-DEF topic 1 question 70 discussion - ExamTopics
71,https://www.examtopics.com/discussions/cyberark/view/105738-exam-pam-def-topic-1-question-71-discussion/,Exam PAM-DEF topic 1 question 71 discussion - ExamTopics
72,https://www.examtopics.com/discussions/cyberark/view/105739-exam-pam-def-topic-1-question-72-discussion/,Exam PAM-DEF topic 1 question 72 discussion - ExamTopics
73,https://www.examtopics.com/discussions/cyberark/view/105741-exam-pam-def-topic-1-question-73-discussion/,Exam PAM-DEF topic 1 question 73 discussion - ExamTopics
74,https://www.examtopics.com/discussions/cyberark/view/105747-exam-pam-def-topic-1-question-74-discussion/,Exam PAM-DEF topic 1 question 74 discussion - ExamTopics
75,https://www.examtopics.com/discussions/cyberark/view/105748-exam-pam-def-topic-1-question-75-discussion/,Exam PAM-DEF topic 1 question 75 discussion - ExamTopics
76,https://www.examtopics.com/discussions/cyberark/view/105751-exam-pam-def-topic-1-question-76-discussion/,Exam PAM-DEF topic 1 question 76 discussion - ExamTopics
77,https://www.examtopics.com/discussions/cyberark/view/105752-exam-pam-def-topic-1-question-77-discussion/,Exam PAM-DEF topic 1 question 77 discussion - ExamTopics
78,https://www.examtopics.com/discussions/cyberark/view/105754-exam-pam-def-topic-1-question-78-discussion/,Exam PAM-DEF topic 1 question 78 discussion - ExamTopics
79,https://www.examtopics.com/discussions/cyberark/view/105756-exam-pam-def-topic-1-question-79-discussion/,Exam PAM-DEF topic 1 question 79 discussion - ExamTopics
80,https://www.examtopics.com/discussions/cyberark/view/105757-exam-pam-def-topic-1-question-80-discussion/,Exam PAM-DEF topic 1 question 80 discussion - ExamTopics
81,https://www.examtopics.com/discussions/cyberark/view/105954-exam-pam-def-topic-1-question-81-discussion/,Exam PAM-DEF topic 1 question 81 discussion - ExamTopics
82,https://www.examtopics.com/discussions/cyberark/view/105965-exam-pam-def-topic-1-question-82-discussion/,Exam PAM-DEF topic 1 question 82 discussion - ExamTopics
83,https://www.examtopics.com/discussions/cyberark/view/105941-exam-pam-def-topic-1-question-83-discussion/,Exam PAM-DEF topic 1 question 83 discussion - ExamTopics
84,https://www.examtopics.com/discussions/cyberark/view/105967-exam-pam-def-topic-1-question-84-discussion/,Exam PAM-DEF topic 1 question 84 discussion - ExamTopics
85,https://www.examtopics.com/discussions/cyberark/view/105970-exam-pam-def-topic-1-question-85-discussion/,Exam PAM-DEF topic 1 question 85 discussion - ExamTopics
86,https://www.examtopics.com/discussions/cyberark/view/105971-exam-pam-def-topic-1-question-86-discussion/,Exam PAM-DEF topic 1 question 86 discussion - ExamTopics
87,https://www.examtopics.com/discussions/cyberark/view/105972-exam-pam-def-topic-1-question-87-discussion/,Exam PAM-DEF topic 1 question 87 discussion - ExamTopics
88,https://www.examtopics.com/discussions/cyberark/view/105951-exam-pam-def-topic-1-question-88-discussion/,Exam PAM-DEF topic 1 question 88 discussion - ExamTopics
89,https://www.examtopics.com/discussions/cyberark/view/105973-exam-pam-def-topic-1-question-89-discussion/,Exam PAM-DEF topic 1 question 89 discussion - ExamTopics
90,https://www.examtopics.com/discussions/cyberark/view/105975-exam-pam-def-topic-1-question-90-discussion/,Exam PAM-DEF topic 1 question 90 discussion - ExamTopics
91,https://www.examtopics.com/discussions/cyberark/view/105976-exam-pam-def-topic-1-question-91-discussion/,Exam PAM-DEF topic 1 question 91 discussion - ExamTopics
92,https://www.examtopics.com/discussions/cyberark/view/105979-exam-pam-def-topic-1-question-92-discussion/,Exam PAM-DEF topic 1 question 92 discussion - ExamTopics
93,https://www.examtopics.com/discussions/cyberark/view/105956-exam-pam-def-topic-1-question-93-discussion/,Exam PAM-DEF topic 1 question 93 discussion - ExamTopics
94,https://www.examtopics.com/discussions/cyberark/view/106059-exam-pam-def-topic-1-question-94-discussion/,Exam PAM-DEF topic 1 question 94 discussion - ExamTopics
95,https://www.examtopics.com/discussions/cyberark/view/106032-exam-pam-def-topic-1-question-95-discussion/,Exam PAM-DEF topic 1 question 95 discussion - ExamTopics
96,https://www.examtopics.com/discussions/cyberark/view/106064-exam-pam-def-topic-1-question-96-discussion/,Exam PAM-DEF topic 1 question 96 discussion - ExamTopics
97,https://www.examtopics.com/discussions/cyberark/view/106035-exam-pam-def-topic-1-question-97-discussion/,Exam PAM-DEF topic 1 question 97 discussion - ExamTopics
98,https://www.examtopics.com/discussions/cyberark/view/106067-exam-pam-def-topic-1-question-98-discussion/,Exam PAM-DEF topic 1 question 98 discussion - ExamTopics
99,https://www.examtopics.com/discussions/cyberark/view/106068-exam-pam-def-topic-1-question-99-discussion/,Exam PAM-DEF topic 1 question 99 discussion - ExamTopics
100,https://www.examtopics.com/discussions/cyberark/view/106036-exam-pam-def-topic-1-question-100-discussion/,Exam PAM-DEF topic 1 question 100 discussion - ExamTopics
101,https://www.examtopics.com/discussions/cyberark/view/105532-exam-pam-def-topic-1-question-101-discussion/,Exam PAM-DEF topic 1 question 101 discussion - ExamTopics
102,https://www.examtopics.com/discussions/cyberark/view/106123-exam-pam-def-topic-1-question-102-discussion/,Exam PAM-DEF topic 1 question 102 discussion - ExamTopics
103,https://www.examtopics.com/discussions/cyberark/view/106124-exam-pam-def-topic-1-question-103-discussion/,Exam PAM-DEF topic 1 question 103 discussion - ExamTopics
104,https://www.examtopics.com/discussions/cyberark/view/106038-exam-pam-def-topic-1-question-104-discussion/,Exam PAM-DEF topic 1 question 104 discussion - ExamTopics
105,https://www.examtopics.com/discussions/cyberark/view/106127-exam-pam-def-topic-1-question-105-discussion/,Exam PAM-DEF topic 1 question 105 discussion - ExamTopics
106,https://www.examtopics.com/discussions/cyberark/view/129036-exam-pam-def-topic-1-question-106-discussion/,Exam PAM-DEF topic 1 question 106 discussion - ExamTopics
107,https://www.examtopics.com/discussions/cyberark/view/128572-exam-pam-def-topic-1-question-107-discussion/,Exam PAM-DEF topic 1 question 107 discussion - ExamTopics
108,https://www.examtopics.com/discussions/cyberark/view/128571-exam-pam-def-topic-1-question-108-discussion/,Exam PAM-DEF topic 1 question 108 discussion - ExamTopics
109,https://www.examtopics.com/discussions/cyberark/view/134111-exam-pam-def-topic-1-question-109-discussion/,Exam PAM-DEF topic 1 question 109 discussion - ExamTopics
110,https://www.examtopics.com/discussions/cyberark/view/128628-exam-pam-def-topic-1-question-110-discussion/,Exam PAM-DEF topic 1 question 110 discussion - ExamTopics
111,https://www.examtopics.com/discussions/cyberark/view/128250-exam-pam-def-topic-1-question-111-discussion/,Exam PAM-DEF topic 1 question 111 discussion - ExamTopics
112,https://www.examtopics.com/discussions/cyberark/view/128570-exam-pam-def-topic-1-question-112-discussion/,Exam PAM-DEF topic 1 question 112 discussion - ExamTopics
113,https://www.examtopics.com/discussions/cyberark/view/128569-exam-pam-def-topic-1-question-113-discussion/,Exam PAM-DEF topic 1 question 113 discussion - ExamTopics
